dannyj98,a2d8fec1-6787-4a6a-8fc5-782e44a1c693
josh2k5,8292d299-04b6-4ec2-9d0c-3524feae5743
sterbuck,29b90c37-6471-45a3-80c8-6da7b1fc04b7
mamkifi,f32d0540-794b-472f-aa52-1eee5bdef84c
stratigan_games,e9eda6cd-d165-4037-90ad-62c0003e1982
tanksome,da5ecddb-e7d2-444c-a439-10ab7b18a41c
onyx_shine,29b90c37-6471-45a3-80c8-6da7b1fc04b7
thefaintgames,cdb0419e-5707-4a2d-89cc-beac2c19131a
therealburrito31,f91207ff-88b0-4e68-b458-4e48641f3bc8
haulerjim,e084c3d2-0ea0-498d-b4df-6fdd323544d6
jimthewolf,e084c3d2-0ea0-498d-b4df-6fdd323544d6
pizzaman99,1b26c651-5e73-4261-9455-7e291ddefe80
dolphinboy317,0bb78e6e-d1c8-491d-980c-ff7ff0e3c660
larrymyster,0eb73005-f8be-4444-b9ed-9f6d0b736bbe
starchaser418,64acbba7-9ade-42d3-9133-813f168c31e5
je01b,6f77d866-49a1-40a3-bc8a-11ca703fcc3d
aidenzofcl,29a6e699-f5f5-4585-b26f-74999a0bb5f7
java3wg,612745db-1559-4832-8cb7-705e2e559eec
lambo603,c817f083-45c2-4db6-b3e2-e40533d48769
iwan,7129e1f7-437a-443c-aa52-11cbd8390639
hwyhunter,437ad63d-70f7-49e5-be54-485502798b34
witchsz,e6802e8a-d405-44b8-8b6c-04007ded3fd1
shiftz_ash69,6e0f8578-c388-46e3-9c60-a6bf9068d03a
endriu3314,da8b7d38-e9d1-47ba-b202-8bd0b0aaba75
yazisaphia,2e157164-dae5-4710-a75a-40f077321851
